geoid,name,B01003001,"B01003001, Error"
14000US06037101110,"Census Tract 1011.10, Los Angeles, CA",4283,443
14000US06037101122,"Census Tract 1011.22, Los Angeles, CA",3405,334
14000US06037101210,"Census Tract 1012.10, Los Angeles, CA",6347,484
14000US06037101220,"Census Tract 1012.20, Los Angeles, CA",3702,276
14000US06037101300,"Census Tract 1013, Los Angeles, CA",3884,394
14000US06037101400,"Census Tract 1014, Los Angeles, CA",3458,377
14000US06037102103,"Census Tract 1021.03, Los Angeles, CA",1763,204
14000US06037102104,"Census Tract 1021.04, Los Angeles, CA",3721,381
14000US06037102105,"Census Tract 1021.05, Los Angeles, CA",1905,184
14000US06037102107,"Census Tract 1021.07, Los Angeles, CA",4349,267
14000US06037103101,"Census Tract 1031.01, Los Angeles, CA",2428,200
14000US06037103102,"Census Tract 1031.02, Los Angeles, CA",4734,345
14000US06037103200,"Census Tract 1032, Los Angeles, CA",6349,591
14000US06037103300,"Census Tract 1033, Los Angeles, CA",3781,337
14000US06037103400,"Census Tract 1034, Los Angeles, CA",6416,327
14000US06037104103,"Census Tract 1041.03, Los Angeles, CA",3431,517
14000US06037104105,"Census Tract 1041.05, Los Angeles, CA",6054,529
14000US06037104108,"Census Tract 1041.08, Los Angeles, CA",6001,471
14000US06037104124,"Census Tract 1041.24, Los Angeles, CA",3875,374
14000US06037104201,"Census Tract 1042.01, Los Angeles, CA",4569,458
14000US06037104203,"Census Tract 1042.03, Los Angeles, CA",5441,504
14000US06037104204,"Census Tract 1042.04, Los Angeles, CA",3679,315
14000US06037104310,"Census Tract 1043.10, Los Angeles, CA",4962,699
14000US06037104320,"Census Tract 1043.20, Los Angeles, CA",5292,551
14000US06037104401,"Census Tract 1044.01, Los Angeles, CA",3270,410
14000US06037104403,"Census Tract 1044.03, Los Angeles, CA",3341,394
14000US06037104404,"Census Tract 1044.04, Los Angeles, CA",3084,330
14000US06037104500,"Census Tract 1045, Los Angeles, CA",3025,468
14000US06037104610,"Census Tract 1046.10, Los Angeles, CA",3386,350
14000US06037104620,"Census Tract 1046.20, Los Angeles, CA",3528,358
14000US06037104701,"Census Tract 1047.01, Los Angeles, CA",4402,322
14000US06037104703,"Census Tract 1047.03, Los Angeles, CA",2174,251
14000US06037104704,"Census Tract 1047.04, Los Angeles, CA",4321,467
14000US06037104810,"Census Tract 1048.10, Los Angeles, CA",5631,588
14000US06037104821,"Census Tract 1048.21, Los Angeles, CA",3551,282
14000US06037104822,"Census Tract 1048.22, Los Angeles, CA",2839,341
14000US06037106010,"Census Tract 1060.10, Los Angeles, CA",3093,372
14000US06037106020,"Census Tract 1060.20, Los Angeles, CA",5420,455
14000US06037106111,"Census Tract 1061.11, Los Angeles, CA",4191,356
14000US06037106112,"Census Tract 1061.12, Los Angeles, CA",5611,477
14000US06037106113,"Census Tract 1061.13, Los Angeles, CA",3697,307
14000US06037106114,"Census Tract 1061.14, Los Angeles, CA",6324,509
14000US06037106403,"Census Tract 1064.03, Los Angeles, CA",3667,441
14000US06037106405,"Census Tract 1064.05, Los Angeles, CA",4758,562
14000US06037106406,"Census Tract 1064.06, Los Angeles, CA",5839,729
14000US06037106407,"Census Tract 1064.07, Los Angeles, CA",3119,277
14000US06037106408,"Census Tract 1064.08, Los Angeles, CA",3667,351
14000US06037106510,"Census Tract 1065.10, Los Angeles, CA",5618,445
14000US06037106520,"Census Tract 1065.20, Los Angeles, CA",5920,475
14000US06037106603,"Census Tract 1066.03, Los Angeles, CA",3156,188
14000US06037106604,"Census Tract 1066.04, Los Angeles, CA",5068,546
14000US06037106641,"Census Tract 1066.41, Los Angeles, CA",2372,89
14000US06037106642,"Census Tract 1066.42, Los Angeles, CA",2961,282
14000US06037106643,"Census Tract 1066.43, Los Angeles, CA",4577,265
14000US06037106645,"Census Tract 1066.45, Los Angeles, CA",3650,435
14000US06037106646,"Census Tract 1066.46, Los Angeles, CA",3161,312
14000US06037106648,"Census Tract 1066.48, Los Angeles, CA",4546,379
14000US06037106649,"Census Tract 1066.49, Los Angeles, CA",2661,228
14000US06037107010,"Census Tract 1070.10, Los Angeles, CA",3141,340
14000US06037107020,"Census Tract 1070.20, Los Angeles, CA",5317,544
14000US06037108101,"Census Tract 1081.01, Los Angeles, CA",2327,185
14000US06037108102,"Census Tract 1081.02, Los Angeles, CA",3552,247
14000US06037108103,"Census Tract 1081.03, Los Angeles, CA",3099,448
14000US06037108104,"Census Tract 1081.04, Los Angeles, CA",1836,278
14000US06037108201,"Census Tract 1082.01, Los Angeles, CA",5460,320
14000US06037108202,"Census Tract 1082.02, Los Angeles, CA",7487,529
14000US06037109100,"Census Tract 1091, Los Angeles, CA",2797,264
14000US06037109200,"Census Tract 1092, Los Angeles, CA",2846,296
14000US06037109300,"Census Tract 1093, Los Angeles, CA",2962,201
14000US06037109400,"Census Tract 1094, Los Angeles, CA",3903,633
14000US06037109500,"Census Tract 1095, Los Angeles, CA",4832,585
14000US06037109601,"Census Tract 1096.01, Los Angeles, CA",4945,404
14000US06037109603,"Census Tract 1096.03, Los Angeles, CA",4297,470
14000US06037109604,"Census Tract 1096.04, Los Angeles, CA",3195,313
14000US06037109700,"Census Tract 1097, Los Angeles, CA",4616,279
14000US06037109800,"Census Tract 1098, Los Angeles, CA",5534,556
14000US06037111100,"Census Tract 1111, Los Angeles, CA",3179,262
14000US06037111201,"Census Tract 1112.01, Los Angeles, CA",3628,400
14000US06037111202,"Census Tract 1112.02, Los Angeles, CA",5169,506
14000US06037111204,"Census Tract 1112.04, Los Angeles, CA",6114,410
14000US06037111205,"Census Tract 1112.05, Los Angeles, CA",3869,372
14000US06037111206,"Census Tract 1112.06, Los Angeles, CA",4379,315
14000US06037111301,"Census Tract 1113.01, Los Angeles, CA",7552,949
14000US06037111302,"Census Tract 1113.02, Los Angeles, CA",5163,382
14000US06037111400,"Census Tract 1114, Los Angeles, CA",8735,555
14000US06037113101,"Census Tract 1131.01, Los Angeles, CA",3719,399
14000US06037113102,"Census Tract 1131.02, Los Angeles, CA",3021,206
14000US06037113211,"Census Tract 1132.11, Los Angeles, CA",4109,200
14000US06037113212,"Census Tract 1132.12, Los Angeles, CA",3494,262
14000US06037113213,"Census Tract 1132.13, Los Angeles, CA",5248,366
14000US06037113231,"Census Tract 1132.31, Los Angeles, CA",2303,129
14000US06037113232,"Census Tract 1132.32, Los Angeles, CA",4315,372
14000US06037113233,"Census Tract 1132.33, Los Angeles, CA",7345,594
14000US06037113234,"Census Tract 1132.34, Los Angeles, CA",4823,538
14000US06037113235,"Census Tract 1132.35, Los Angeles, CA",1824,223
14000US06037113237,"Census Tract 1132.37, Los Angeles, CA",4194,432
14000US06037113301,"Census Tract 1133.01, Los Angeles, CA",3509,436
14000US06037113303,"Census Tract 1133.03, Los Angeles, CA",4191,279
14000US06037113321,"Census Tract 1133.21, Los Angeles, CA",6180,653
14000US06037113322,"Census Tract 1133.22, Los Angeles, CA",4572,328
14000US06037113401,"Census Tract 1134.01, Los Angeles, CA",6550,627
14000US06037113421,"Census Tract 1134.21, Los Angeles, CA",6879,474
14000US06037113422,"Census Tract 1134.22, Los Angeles, CA",6306,600
14000US06037115101,"Census Tract 1151.01, Los Angeles, CA",5083,333
14000US06037115103,"Census Tract 1151.03, Los Angeles, CA",3381,318
14000US06037115104,"Census Tract 1151.04, Los Angeles, CA",4377,417
14000US06037115201,"Census Tract 1152.01, Los Angeles, CA",6647,669
14000US06037115202,"Census Tract 1152.02, Los Angeles, CA",5684,488
14000US06037115301,"Census Tract 1153.01, Los Angeles, CA",4524,381
14000US06037115302,"Census Tract 1153.02, Los Angeles, CA",3957,261
14000US06037115401,"Census Tract 1154.01, Los Angeles, CA",6373,416
14000US06037115403,"Census Tract 1154.03, Los Angeles, CA",3583,312
14000US06037115404,"Census Tract 1154.04, Los Angeles, CA",2800,252
14000US06037117101,"Census Tract 1171.01, Los Angeles, CA",5224,486
14000US06037117102,"Census Tract 1171.02, Los Angeles, CA",2861,294
14000US06037117201,"Census Tract 1172.01, Los Angeles, CA",5191,435
14000US06037117202,"Census Tract 1172.02, Los Angeles, CA",2633,256
14000US06037117301,"Census Tract 1173.01, Los Angeles, CA",3910,242
14000US06037117302,"Census Tract 1173.02, Los Angeles, CA",5229,360
14000US06037117303,"Census Tract 1173.03, Los Angeles, CA",3754,297
14000US06037117404,"Census Tract 1174.04, Los Angeles, CA",5324,593
14000US06037117405,"Census Tract 1174.05, Los Angeles, CA",3574,266
14000US06037117407,"Census Tract 1174.07, Los Angeles, CA",3836,303
14000US06037117408,"Census Tract 1174.08, Los Angeles, CA",3073,278
14000US06037117510,"Census Tract 1175.10, Los Angeles, CA",3687,423
14000US06037117520,"Census Tract 1175.20, Los Angeles, CA",4168,305
14000US06037117530,"Census Tract 1175.30, Los Angeles, CA",6742,456
14000US06037119001,"Census Tract 1190.01, Los Angeles, CA",4435,340
14000US06037119002,"Census Tract 1190.02, Los Angeles, CA",7976,677
14000US06037119201,"Census Tract 1192.01, Los Angeles, CA",4547,351
14000US06037119202,"Census Tract 1192.02, Los Angeles, CA",4759,530
14000US06037119310,"Census Tract 1193.10, Los Angeles, CA",4087,328
14000US06037119320,"Census Tract 1193.20, Los Angeles, CA",4906,503
14000US06037119340,"Census Tract 1193.40, Los Angeles, CA",4264,269
14000US06037119341,"Census Tract 1193.41, Los Angeles, CA",2890,202
14000US06037119342,"Census Tract 1193.42, Los Angeles, CA",2911,240
14000US06037119400,"Census Tract 1194, Los Angeles, CA",5499,449
14000US06037119700,"Census Tract 1197, Los Angeles, CA",4913,411
14000US06037119800,"Census Tract 1198, Los Angeles, CA",6054,465
14000US06037119900,"Census Tract 1199, Los Angeles, CA",5245,401
14000US06037120010,"Census Tract 1200.10, Los Angeles, CA",2704,185
14000US06037120020,"Census Tract 1200.20, Los Angeles, CA",3872,383
14000US06037120030,"Census Tract 1200.30, Los Angeles, CA",2666,307
14000US06037120103,"Census Tract 1201.03, Los Angeles, CA",3452,399
14000US06037120104,"Census Tract 1201.04, Los Angeles, CA",2228,214
14000US06037120105,"Census Tract 1201.05, Los Angeles, CA",2832,261
14000US06037120106,"Census Tract 1201.06, Los Angeles, CA",4763,562
14000US06037120107,"Census Tract 1201.07, Los Angeles, CA",3893,287
14000US06037120108,"Census Tract 1201.08, Los Angeles, CA",4732,412
14000US06037120300,"Census Tract 1203, Los Angeles, CA",5238,495
14000US06037120400,"Census Tract 1204, Los Angeles, CA",6769,787
14000US06037121010,"Census Tract 1210.10, Los Angeles, CA",4934,413
14000US06037121020,"Census Tract 1210.20, Los Angeles, CA",3610,273
14000US06037121101,"Census Tract 1211.01, Los Angeles, CA",2862,324
14000US06037121102,"Census Tract 1211.02, Los Angeles, CA",2479,305
14000US06037121210,"Census Tract 1212.10, Los Angeles, CA",2926,384
14000US06037121221,"Census Tract 1212.21, Los Angeles, CA",2420,260
14000US06037121222,"Census Tract 1212.22, Los Angeles, CA",5139,695
14000US06037121600,"Census Tract 1216, Los Angeles, CA",2735,310
14000US06037121801,"Census Tract 1218.01, Los Angeles, CA",3127,462
14000US06037121802,"Census Tract 1218.02, Los Angeles, CA",3216,411
14000US06037121900,"Census Tract 1219, Los Angeles, CA",3761,504
14000US06037122000,"Census Tract 1220, Los Angeles, CA",5892,685
14000US06037122120,"Census Tract 1221.20, Los Angeles, CA",5011,704
14000US06037122121,"Census Tract 1221.21, Los Angeles, CA",2829,309
14000US06037122122,"Census Tract 1221.22, Los Angeles, CA",2728,282
14000US06037122200,"Census Tract 1222, Los Angeles, CA",3469,348
14000US06037122410,"Census Tract 1224.10, Los Angeles, CA",3457,409
14000US06037122420,"Census Tract 1224.20, Los Angeles, CA",4503,551
14000US06037123010,"Census Tract 1230.10, Los Angeles, CA",4027,316
14000US06037123020,"Census Tract 1230.20, Los Angeles, CA",3250,360
14000US06037123103,"Census Tract 1231.03, Los Angeles, CA",3808,407
14000US06037123104,"Census Tract 1231.04, Los Angeles, CA",4416,443
14000US06037123203,"Census Tract 1232.03, Los Angeles, CA",4094,362
14000US06037123204,"Census Tract 1232.04, Los Angeles, CA",3129,285
14000US06037123205,"Census Tract 1232.05, Los Angeles, CA",2492,233
14000US06037123206,"Census Tract 1232.06, Los Angeles, CA",2572,251
14000US06037123301,"Census Tract 1233.01, Los Angeles, CA",4530,383
14000US06037123303,"Census Tract 1233.03, Los Angeles, CA",3087,228
14000US06037123304,"Census Tract 1233.04, Los Angeles, CA",4362,354
14000US06037123410,"Census Tract 1234.10, Los Angeles, CA",4181,416
14000US06037123420,"Census Tract 1234.20, Los Angeles, CA",4408,404
14000US06037123510,"Census Tract 1235.10, Los Angeles, CA",4795,592
14000US06037123520,"Census Tract 1235.20, Los Angeles, CA",2816,234
14000US06037123601,"Census Tract 1236.01, Los Angeles, CA",4803,414
14000US06037123602,"Census Tract 1236.02, Los Angeles, CA",3659,257
14000US06037123700,"Census Tract 1237, Los Angeles, CA",4435,647
14000US06037123800,"Census Tract 1238, Los Angeles, CA",6018,464
14000US06037123901,"Census Tract 1239.01, Los Angeles, CA",4696,571
14000US06037123902,"Census Tract 1239.02, Los Angeles, CA",2668,271
14000US06037124000,"Census Tract 1240, Los Angeles, CA",5219,523
14000US06037124102,"Census Tract 1241.02, Los Angeles, CA",3551,338
14000US06037124103,"Census Tract 1241.03, Los Angeles, CA",1950,251
14000US06037124104,"Census Tract 1241.04, Los Angeles, CA",2492,212
14000US06037124105,"Census Tract 1241.05, Los Angeles, CA",2538,262
14000US06037124201,"Census Tract 1242.01, Los Angeles, CA",3348,268
14000US06037124203,"Census Tract 1242.03, Los Angeles, CA",2384,265
14000US06037124204,"Census Tract 1242.04, Los Angeles, CA",2192,333
14000US06037124300,"Census Tract 1243, Los Angeles, CA",2988,436
14000US06037124400,"Census Tract 1244, Los Angeles, CA",4858,273
14000US06037124500,"Census Tract 1245, Los Angeles, CA",2925,299
14000US06037124600,"Census Tract 1246, Los Angeles, CA",2691,292
14000US06037124700,"Census Tract 1247, Los Angeles, CA",5539,369
14000US06037124902,"Census Tract 1249.02, Los Angeles, CA",2706,281
14000US06037124903,"Census Tract 1249.03, Los Angeles, CA",3499,347
14000US06037125100,"Census Tract 1251, Los Angeles, CA",5892,452
14000US06037125200,"Census Tract 1252, Los Angeles, CA",3907,474
14000US06037125310,"Census Tract 1253.10, Los Angeles, CA",4313,587
14000US06037125320,"Census Tract 1253.20, Los Angeles, CA",5106,387
14000US06037125401,"Census Tract 1254.01, Los Angeles, CA",4966,543
14000US06037125402,"Census Tract 1254.02, Los Angeles, CA",4889,794
14000US06037125501,"Census Tract 1255.01, Los Angeles, CA",3052,286
14000US06037125502,"Census Tract 1255.02, Los Angeles, CA",3488,264
14000US06037125600,"Census Tract 1256, Los Angeles, CA",2811,328
14000US06037127102,"Census Tract 1271.02, Los Angeles, CA",5779,610
14000US06037127103,"Census Tract 1271.03, Los Angeles, CA",3109,432
14000US06037127104,"Census Tract 1271.04, Los Angeles, CA",3821,408
14000US06037127210,"Census Tract 1272.10, Los Angeles, CA",5838,646
14000US06037127220,"Census Tract 1272.20, Los Angeles, CA",5045,384
14000US06037127300,"Census Tract 1273, Los Angeles, CA",3809,398
14000US06037127400,"Census Tract 1274, Los Angeles, CA",6558,614
14000US06037127520,"Census Tract 1275.20, Los Angeles, CA",4870,365
14000US06037127603,"Census Tract 1276.03, Los Angeles, CA",3068,274
14000US06037127604,"Census Tract 1276.04, Los Angeles, CA",3157,399
14000US06037127605,"Census Tract 1276.05, Los Angeles, CA",4329,419
14000US06037127606,"Census Tract 1276.06, Los Angeles, CA",3322,414
14000US06037127711,"Census Tract 1277.11, Los Angeles, CA",3588,399
14000US06037127712,"Census Tract 1277.12, Los Angeles, CA",3560,404
14000US06037127803,"Census Tract 1278.03, Los Angeles, CA",4790,617
14000US06037127804,"Census Tract 1278.04, Los Angeles, CA",4352,292
14000US06037127805,"Census Tract 1278.05, Los Angeles, CA",3627,337
14000US06037127806,"Census Tract 1278.06, Los Angeles, CA",3293,402
14000US06037127910,"Census Tract 1279.10, Los Angeles, CA",5097,611
14000US06037127920,"Census Tract 1279.20, Los Angeles, CA",4716,352
14000US06037128101,"Census Tract 1281.01, Los Angeles, CA",3735,366
14000US06037128102,"Census Tract 1281.02, Los Angeles, CA",4625,385
14000US06037128210,"Census Tract 1282.10, Los Angeles, CA",5008,429
14000US06037128220,"Census Tract 1282.20, Los Angeles, CA",2912,249
14000US06037128302,"Census Tract 1283.02, Los Angeles, CA",5000,353
14000US06037128303,"Census Tract 1283.03, Los Angeles, CA",4176,402
14000US06037128400,"Census Tract 1284, Los Angeles, CA",4502,461
14000US06037128500,"Census Tract 1285, Los Angeles, CA",4108,400
14000US06037128601,"Census Tract 1286.01, Los Angeles, CA",4369,462
14000US06037128602,"Census Tract 1286.02, Los Angeles, CA",3472,329
14000US06037128702,"Census Tract 1287.02, Los Angeles, CA",5810,476
14000US06037128801,"Census Tract 1288.01, Los Angeles, CA",3419,271
14000US06037128802,"Census Tract 1288.02, Los Angeles, CA",4670,346
14000US06037128910,"Census Tract 1289.10, Los Angeles, CA",4657,214
14000US06037131010,"Census Tract 1310.10, Los Angeles, CA",6686,502
14000US06037131020,"Census Tract 1310.20, Los Angeles, CA",6704,569
14000US06037131100,"Census Tract 1311, Los Angeles, CA",3197,232
14000US06037131200,"Census Tract 1312, Los Angeles, CA",3417,258
14000US06037131300,"Census Tract 1313, Los Angeles, CA",5102,305
14000US06037131400,"Census Tract 1314, Los Angeles, CA",6367,556
14000US06037131600,"Census Tract 1316, Los Angeles, CA",5336,738
14000US06037131701,"Census Tract 1317.01, Los Angeles, CA",5587,416
14000US06037131702,"Census Tract 1317.02, Los Angeles, CA",3770,405
14000US06037131800,"Census Tract 1318, Los Angeles, CA",6157,548
14000US06037131900,"Census Tract 1319, Los Angeles, CA",4597,462
14000US06037132001,"Census Tract 1320.01, Los Angeles, CA",3463,406
14000US06037132002,"Census Tract 1320.02, Los Angeles, CA",3354,352
14000US06037132101,"Census Tract 1321.01, Los Angeles, CA",4645,445
14000US06037132102,"Census Tract 1321.02, Los Angeles, CA",5401,485
14000US06037132300,"Census Tract 1323, Los Angeles, CA",7912,749
14000US06037132501,"Census Tract 1325.01, Los Angeles, CA",4566,358
14000US06037132502,"Census Tract 1325.02, Los Angeles, CA",3922,377
14000US06037132700,"Census Tract 1327, Los Angeles, CA",4873,458
14000US06037132900,"Census Tract 1329, Los Angeles, CA",3885,287
14000US06037133000,"Census Tract 1330, Los Angeles, CA",4778,387
14000US06037133100,"Census Tract 1331, Los Angeles, CA",5609,374
14000US06037134001,"Census Tract 1340.01, Los Angeles, CA",3864,362
14000US06037134002,"Census Tract 1340.02, Los Angeles, CA",3665,322
14000US06037134101,"Census Tract 1341.01, Los Angeles, CA",5579,535
14000US06037134103,"Census Tract 1341.03, Los Angeles, CA",4659,443
14000US06037134104,"Census Tract 1341.04, Los Angeles, CA",4618,464
14000US06037134201,"Census Tract 1342.01, Los Angeles, CA",4735,372
14000US06037134302,"Census Tract 1343.02, Los Angeles, CA",4112,337
14000US06037134303,"Census Tract 1343.03, Los Angeles, CA",5942,469
14000US06037134304,"Census Tract 1343.04, Los Angeles, CA",3042,230
14000US06037134305,"Census Tract 1343.05, Los Angeles, CA",4183,401
14000US06037134306,"Census Tract 1343.06, Los Angeles, CA",4305,373
14000US06037134421,"Census Tract 1344.21, Los Angeles, CA",4234,277
14000US06037134422,"Census Tract 1344.22, Los Angeles, CA",4924,338
14000US06037134423,"Census Tract 1344.23, Los Angeles, CA",3539,222
14000US06037134424,"Census Tract 1344.24, Los Angeles, CA",2916,146
14000US06037134520,"Census Tract 1345.20, Los Angeles, CA",6065,420
14000US06037134521,"Census Tract 1345.21, Los Angeles, CA",3691,366
14000US06037134522,"Census Tract 1345.22, Los Angeles, CA",4167,323
14000US06037134710,"Census Tract 1347.10, Los Angeles, CA",5836,546
14000US06037134720,"Census Tract 1347.20, Los Angeles, CA",5074,399
14000US06037134800,"Census Tract 1348, Los Angeles, CA",6399,356
14000US06037134901,"Census Tract 1349.01, Los Angeles, CA",3140,247
14000US06037134903,"Census Tract 1349.03, Los Angeles, CA",6919,850
14000US06037134904,"Census Tract 1349.04, Los Angeles, CA",4043,374
14000US06037134905,"Census Tract 1349.05, Los Angeles, CA",4552,380
14000US06037135102,"Census Tract 1351.02, Los Angeles, CA",3726,229
14000US06037135111,"Census Tract 1351.11, Los Angeles, CA",3313,360
14000US06037135113,"Census Tract 1351.13, Los Angeles, CA",3485,369
14000US06037135114,"Census Tract 1351.14, Los Angeles, CA",5106,465
14000US06037135201,"Census Tract 1352.01, Los Angeles, CA",2788,204
14000US06037135202,"Census Tract 1352.02, Los Angeles, CA",4708,388
14000US06037135203,"Census Tract 1352.03, Los Angeles, CA",7515,440
14000US06037137000,"Census Tract 1370, Los Angeles, CA",5067,247
14000US06037137103,"Census Tract 1371.03, Los Angeles, CA",5382,426
14000US06037137104,"Census Tract 1371.04, Los Angeles, CA",2754,290
14000US06037137201,"Census Tract 1372.01, Los Angeles, CA",6029,617
14000US06037137301,"Census Tract 1373.01, Los Angeles, CA",2271,192
14000US06037137302,"Census Tract 1373.02, Los Angeles, CA",4449,258
14000US06037137401,"Census Tract 1374.01, Los Angeles, CA",4299,338
14000US06037137402,"Census Tract 1374.02, Los Angeles, CA",5365,521
14000US06037137501,"Census Tract 1375.01, Los Angeles, CA",4915,492
14000US06037137502,"Census Tract 1375.02, Los Angeles, CA",4549,390
14000US06037137504,"Census Tract 1375.04, Los Angeles, CA",2155,242
14000US06037138000,"Census Tract 1380, Los Angeles, CA",4780,283
14000US06037139001,"Census Tract 1390.01, Los Angeles, CA",5639,404
14000US06037139200,"Census Tract 1392, Los Angeles, CA",5662,517
14000US06037139301,"Census Tract 1393.01, Los Angeles, CA",4445,364
14000US06037139302,"Census Tract 1393.02, Los Angeles, CA",5000,526
14000US06037139303,"Census Tract 1393.03, Los Angeles, CA",4260,319
14000US06037139401,"Census Tract 1394.01, Los Angeles, CA",2706,228
14000US06037139402,"Census Tract 1394.02, Los Angeles, CA",2899,251
14000US06037139502,"Census Tract 1395.02, Los Angeles, CA",2917,288
14000US06037139503,"Census Tract 1395.03, Los Angeles, CA",5946,553
14000US06037139504,"Census Tract 1395.04, Los Angeles, CA",3998,355
14000US06037139600,"Census Tract 1396, Los Angeles, CA",5060,415
14000US06037139701,"Census Tract 1397.01, Los Angeles, CA",5320,498
14000US06037139702,"Census Tract 1397.02, Los Angeles, CA",6447,473
14000US06037139703,"Census Tract 1397.03, Los Angeles, CA",2861,305
14000US06037139801,"Census Tract 1398.01, Los Angeles, CA",3488,200
14000US06037139802,"Census Tract 1398.02, Los Angeles, CA",4126,376
14000US06037141101,"Census Tract 1411.01, Los Angeles, CA",4674,628
14000US06037141102,"Census Tract 1411.02, Los Angeles, CA",3074,362
14000US06037141201,"Census Tract 1412.01, Los Angeles, CA",4583,292
14000US06037141202,"Census Tract 1412.02, Los Angeles, CA",2674,324
14000US06037141302,"Census Tract 1413.02, Los Angeles, CA",6037,570
14000US06037141303,"Census Tract 1413.03, Los Angeles, CA",3477,186
14000US06037141304,"Census Tract 1413.04, Los Angeles, CA",2995,271
14000US06037141400,"Census Tract 1414, Los Angeles, CA",5099,320
14000US06037141500,"Census Tract 1415, Los Angeles, CA",2982,224
14000US06037141600,"Census Tract 1416, Los Angeles, CA",4178,234
14000US06037141700,"Census Tract 1417, Los Angeles, CA",3161,236
14000US06037143100,"Census Tract 1431, Los Angeles, CA",4389,419
14000US06037143200,"Census Tract 1432, Los Angeles, CA",4085,421
14000US06037143300,"Census Tract 1433, Los Angeles, CA",6643,415
14000US06037143400,"Census Tract 1434, Los Angeles, CA",7056,611
14000US06037143500,"Census Tract 1435, Los Angeles, CA",5482,449
14000US06037143602,"Census Tract 1436.02, Los Angeles, CA",4769,443
14000US06037143603,"Census Tract 1436.03, Los Angeles, CA",2392,203
14000US06037143604,"Census Tract 1436.04, Los Angeles, CA",3720,359
14000US06037143700,"Census Tract 1437, Los Angeles, CA",3811,364
14000US06037143800,"Census Tract 1438, Los Angeles, CA",5770,511
14000US06037143901,"Census Tract 1439.01, Los Angeles, CA",4069,407
14000US06037143902,"Census Tract 1439.02, Los Angeles, CA",2766,262
14000US06037181000,"Census Tract 1810, Los Angeles, CA",6458,482
14000US06037181300,"Census Tract 1813, Los Angeles, CA",4059,373
14000US06037181400,"Census Tract 1814, Los Angeles, CA",4943,369
14000US06037181500,"Census Tract 1815, Los Angeles, CA",3956,380
14000US06037181600,"Census Tract 1816, Los Angeles, CA",4631,376
14000US06037183101,"Census Tract 1831.01, Los Angeles, CA",3323,285
14000US06037183103,"Census Tract 1831.03, Los Angeles, CA",4355,329
14000US06037183104,"Census Tract 1831.04, Los Angeles, CA",2146,149
14000US06037183220,"Census Tract 1832.20, Los Angeles, CA",4155,353
14000US06037183221,"Census Tract 1832.21, Los Angeles, CA",3522,394
14000US06037183222,"Census Tract 1832.22, Los Angeles, CA",3493,366
14000US06037183300,"Census Tract 1833, Los Angeles, CA",3487,274
14000US06037183401,"Census Tract 1834.01, Los Angeles, CA",2531,200
14000US06037183402,"Census Tract 1834.02, Los Angeles, CA",3006,326
14000US06037183510,"Census Tract 1835.10, Los Angeles, CA",2577,321
14000US06037183520,"Census Tract 1835.20, Los Angeles, CA",3758,390
14000US06037183610,"Census Tract 1836.10, Los Angeles, CA",3215,270
14000US06037183620,"Census Tract 1836.20, Los Angeles, CA",3111,321
14000US06037183701,"Census Tract 1837.01, Los Angeles, CA",3720,307
14000US06037183702,"Census Tract 1837.02, Los Angeles, CA",2775,380
14000US06037183810,"Census Tract 1838.10, Los Angeles, CA",4163,429
14000US06037183820,"Census Tract 1838.20, Los Angeles, CA",3445,370
14000US06037185100,"Census Tract 1851, Los Angeles, CA",6070,679
14000US06037185202,"Census Tract 1852.02, Los Angeles, CA",3627,450
14000US06037185203,"Census Tract 1852.03, Los Angeles, CA",3566,327
14000US06037185204,"Census Tract 1852.04, Los Angeles, CA",1921,155
14000US06037185310,"Census Tract 1853.10, Los Angeles, CA",3131,209
14000US06037185320,"Census Tract 1853.20, Los Angeles, CA",2991,230
14000US06037186100,"Census Tract 1861, Los Angeles, CA",4985,294
14000US06037186201,"Census Tract 1862.01, Los Angeles, CA",3201,407
14000US06037186202,"Census Tract 1862.02, Los Angeles, CA",2007,281
14000US06037186203,"Census Tract 1862.03, Los Angeles, CA",3416,492
14000US06037186301,"Census Tract 1863.01, Los Angeles, CA",2906,243
14000US06037186302,"Census Tract 1863.02, Los Angeles, CA",5096,409
14000US06037186401,"Census Tract 1864.01, Los Angeles, CA",3489,389
14000US06037186403,"Census Tract 1864.03, Los Angeles, CA",2698,215
14000US06037186404,"Census Tract 1864.04, Los Angeles, CA",2631,215
14000US06037187101,"Census Tract 1871.01, Los Angeles, CA",3438,330
14000US06037187102,"Census Tract 1871.02, Los Angeles, CA",3739,296
14000US06037187200,"Census Tract 1872, Los Angeles, CA",2963,321
14000US06037187300,"Census Tract 1873, Los Angeles, CA",3597,307
14000US06037188100,"Census Tract 1881, Los Angeles, CA",3918,440
14000US06037188201,"Census Tract 1882.01, Los Angeles, CA",3473,283
14000US06037188202,"Census Tract 1882.02, Los Angeles, CA",2426,220
14000US06037188300,"Census Tract 1883, Los Angeles, CA",3800,526
14000US06037189101,"Census Tract 1891.01, Los Angeles, CA",2521,219
14000US06037189102,"Census Tract 1891.02, Los Angeles, CA",3356,204
14000US06037189201,"Census Tract 1892.01, Los Angeles, CA",3216,257
14000US06037189202,"Census Tract 1892.02, Los Angeles, CA",2396,261
14000US06037189300,"Census Tract 1893, Los Angeles, CA",3117,253
14000US06037189400,"Census Tract 1894, Los Angeles, CA",3164,250
14000US06037189500,"Census Tract 1895, Los Angeles, CA",4180,385
14000US06037189600,"Census Tract 1896, Los Angeles, CA",3939,393
14000US06037189701,"Census Tract 1897.01, Los Angeles, CA",3228,446
14000US06037189702,"Census Tract 1897.02, Los Angeles, CA",2201,251
14000US06037189800,"Census Tract 1898, Los Angeles, CA",3833,372
14000US06037189902,"Census Tract 1899.02, Los Angeles, CA",5371,395
14000US06037189903,"Census Tract 1899.03, Los Angeles, CA",2089,193
14000US06037189904,"Census Tract 1899.04, Los Angeles, CA",2435,256
14000US06037189905,"Census Tract 1899.05, Los Angeles, CA",2432,226
14000US06037190100,"Census Tract 1901, Los Angeles, CA",4453,489
14000US06037190201,"Census Tract 1902.01, Los Angeles, CA",2632,300
14000US06037190202,"Census Tract 1902.02, Los Angeles, CA",3225,378
14000US06037190301,"Census Tract 1903.01, Los Angeles, CA",5569,518
14000US06037190401,"Census Tract 1904.01, Los Angeles, CA",2977,375
14000US06037190402,"Census Tract 1904.02, Los Angeles, CA",2372,186
14000US06037190510,"Census Tract 1905.10, Los Angeles, CA",4051,328
14000US06037190520,"Census Tract 1905.20, Los Angeles, CA",3979,421
14000US06037190700,"Census Tract 1907, Los Angeles, CA",2685,375
14000US06037190801,"Census Tract 1908.01, Los Angeles, CA",2682,384
14000US06037190802,"Census Tract 1908.02, Los Angeles, CA",2982,284
14000US06037190901,"Census Tract 1909.01, Los Angeles, CA",4587,546
14000US06037190902,"Census Tract 1909.02, Los Angeles, CA",3518,315
14000US06037191000,"Census Tract 1910, Los Angeles, CA",4454,522
14000US06037191110,"Census Tract 1911.10, Los Angeles, CA",3478,492
14000US06037191120,"Census Tract 1911.20, Los Angeles, CA",3900,453
14000US06037191201,"Census Tract 1912.01, Los Angeles, CA",4414,608
14000US06037191203,"Census Tract 1912.03, Los Angeles, CA",2383,271
14000US06037191204,"Census Tract 1912.04, Los Angeles, CA",2033,193
14000US06037191301,"Census Tract 1913.01, Los Angeles, CA",2224,240
14000US06037191302,"Census Tract 1913.02, Los Angeles, CA",1947,166
14000US06037191410,"Census Tract 1914.10, Los Angeles, CA",4646,446
14000US06037191420,"Census Tract 1914.20, Los Angeles, CA",3096,406
14000US06037191500,"Census Tract 1915, Los Angeles, CA",5931,504
14000US06037191610,"Census Tract 1916.10, Los Angeles, CA",4237,451
14000US06037191620,"Census Tract 1916.20, Los Angeles, CA",2532,315
14000US06037191710,"Census Tract 1917.10, Los Angeles, CA",2937,250
14000US06037191720,"Census Tract 1917.20, Los Angeles, CA",3224,344
14000US06037191810,"Census Tract 1918.10, Los Angeles, CA",3367,450
14000US06037191820,"Census Tract 1918.20, Los Angeles, CA",3176,323
14000US06037191901,"Census Tract 1919.01, Los Angeles, CA",3060,369
14000US06037191902,"Census Tract 1919.02, Los Angeles, CA",2788,345
14000US06037192001,"Census Tract 1920.01, Los Angeles, CA",2370,291
14000US06037192002,"Census Tract 1920.02, Los Angeles, CA",2597,266
14000US06037192300,"Census Tract 1923, Los Angeles, CA",2463,214
14000US06037192410,"Census Tract 1924.10, Los Angeles, CA",3700,285
14000US06037192420,"Census Tract 1924.20, Los Angeles, CA",4280,583
14000US06037192510,"Census Tract 1925.10, Los Angeles, CA",3840,360
14000US06037192520,"Census Tract 1925.20, Los Angeles, CA",5269,457
14000US06037192610,"Census Tract 1926.10, Los Angeles, CA",3703,504
14000US06037192620,"Census Tract 1926.20, Los Angeles, CA",3542,369
14000US06037192700,"Census Tract 1927, Los Angeles, CA",3449,474
14000US06037194101,"Census Tract 1941.01, Los Angeles, CA",3277,331
14000US06037194102,"Census Tract 1941.02, Los Angeles, CA",3189,280
14000US06037194200,"Census Tract 1942, Los Angeles, CA",3524,546
14000US06037194300,"Census Tract 1943, Los Angeles, CA",3262,405
14000US06037194401,"Census Tract 1944.01, Los Angeles, CA",2391,261
14000US06037194402,"Census Tract 1944.02, Los Angeles, CA",3579,389
14000US06037194500,"Census Tract 1945, Los Angeles, CA",2019,156
14000US06037195100,"Census Tract 1951, Los Angeles, CA",4978,415
14000US06037195201,"Census Tract 1952.01, Los Angeles, CA",3128,204
14000US06037195202,"Census Tract 1952.02, Los Angeles, CA",3304,306
14000US06037195300,"Census Tract 1953, Los Angeles, CA",3089,311
14000US06037195400,"Census Tract 1954, Los Angeles, CA",4451,411
14000US06037195500,"Census Tract 1955, Los Angeles, CA",5548,431
14000US06037195600,"Census Tract 1956, Los Angeles, CA",2948,343
14000US06037195710,"Census Tract 1957.10, Los Angeles, CA",4487,542
14000US06037195720,"Census Tract 1957.20, Los Angeles, CA",2000,253
14000US06037195802,"Census Tract 1958.02, Los Angeles, CA",2691,284
14000US06037195803,"Census Tract 1958.03, Los Angeles, CA",2634,224
14000US06037195804,"Census Tract 1958.04, Los Angeles, CA",2533,261
14000US06037195901,"Census Tract 1959.01, Los Angeles, CA",2237,181
14000US06037195902,"Census Tract 1959.02, Los Angeles, CA",1864,204
14000US06037195903,"Census Tract 1959.03, Los Angeles, CA",2008,130
14000US06037197200,"Census Tract 1972, Los Angeles, CA",3909,455
14000US06037197300,"Census Tract 1973, Los Angeles, CA",4052,297
14000US06037197410,"Census Tract 1974.10, Los Angeles, CA",4331,364
14000US06037197420,"Census Tract 1974.20, Los Angeles, CA",3564,529
14000US06037197500,"Census Tract 1975, Los Angeles, CA",3914,357
14000US06037197600,"Census Tract 1976, Los Angeles, CA",2166,208
14000US06037197700,"Census Tract 1977, Los Angeles, CA",5332,296
14000US06037199000,"Census Tract 1990, Los Angeles, CA",5391,753
14000US06037199110,"Census Tract 1991.10, Los Angeles, CA",2705,226
14000US06037199120,"Census Tract 1991.20, Los Angeles, CA",4511,420
14000US06037199201,"Census Tract 1992.01, Los Angeles, CA",3660,482
14000US06037199202,"Census Tract 1992.02, Los Angeles, CA",3155,310
14000US06037199300,"Census Tract 1993, Los Angeles, CA",4202,349
14000US06037199400,"Census Tract 1994, Los Angeles, CA",4759,370
14000US06037199700,"Census Tract 1997, Los Angeles, CA",3063,372
14000US06037199800,"Census Tract 1998, Los Angeles, CA",5828,492
14000US06037199900,"Census Tract 1999, Los Angeles, CA",2692,290
14000US06037201110,"Census Tract 2011.10, Los Angeles, CA",2147,234
14000US06037201120,"Census Tract 2011.20, Los Angeles, CA",4144,411
14000US06037201200,"Census Tract 2012, Los Angeles, CA",2893,294
14000US06037201301,"Census Tract 2013.01, Los Angeles, CA",4498,380
14000US06037201302,"Census Tract 2013.02, Los Angeles, CA",4341,293
14000US06037201401,"Census Tract 2014.01, Los Angeles, CA",4693,496
14000US06037201402,"Census Tract 2014.02, Los Angeles, CA",4995,543
14000US06037201501,"Census Tract 2015.01, Los Angeles, CA",5367,483
14000US06037201503,"Census Tract 2015.03, Los Angeles, CA",3364,190
14000US06037201504,"Census Tract 2015.04, Los Angeles, CA",2302,173
14000US06037201601,"Census Tract 2016.01, Los Angeles, CA",2323,258
14000US06037201602,"Census Tract 2016.02, Los Angeles, CA",2960,287
14000US06037201700,"Census Tract 2017, Los Angeles, CA",5514,431
14000US06037203100,"Census Tract 2031, Los Angeles, CA",4498,395
14000US06037203200,"Census Tract 2032, Los Angeles, CA",5695,500
14000US06037203300,"Census Tract 2033, Los Angeles, CA",2000,327
14000US06037203500,"Census Tract 2035, Los Angeles, CA",2907,325
14000US06037203600,"Census Tract 2036, Los Angeles, CA",5276,498
14000US06037203710,"Census Tract 2037.10, Los Angeles, CA",3270,400
14000US06037203720,"Census Tract 2037.20, Los Angeles, CA",4072,378
14000US06037203800,"Census Tract 2038, Los Angeles, CA",4829,484
14000US06037203900,"Census Tract 2039, Los Angeles, CA",3353,298
14000US06037204110,"Census Tract 2041.10, Los Angeles, CA",3286,345
14000US06037204120,"Census Tract 2041.20, Los Angeles, CA",2971,318
14000US06037204200,"Census Tract 2042, Los Angeles, CA",3657,360
14000US06037204300,"Census Tract 2043, Los Angeles, CA",5445,486
14000US06037204410,"Census Tract 2044.10, Los Angeles, CA",2575,350
14000US06037204420,"Census Tract 2044.20, Los Angeles, CA",3154,257
14000US06037204600,"Census Tract 2046, Los Angeles, CA",4080,412
14000US06037204700,"Census Tract 2047, Los Angeles, CA",5510,683
14000US06037204810,"Census Tract 2048.10, Los Angeles, CA",5277,519
14000US06037204820,"Census Tract 2048.20, Los Angeles, CA",2241,253
14000US06037204910,"Census Tract 2049.10, Los Angeles, CA",3341,284
14000US06037204920,"Census Tract 2049.20, Los Angeles, CA",2751,354
14000US06037205110,"Census Tract 2051.10, Los Angeles, CA",3904,288
14000US06037205120,"Census Tract 2051.20, Los Angeles, CA",3548,249
14000US06037206010,"Census Tract 2060.10, Los Angeles, CA",4121,461
14000US06037206020,"Census Tract 2060.20, Los Angeles, CA",8947,750
14000US06037206031,"Census Tract 2060.31, Los Angeles, CA",4131,517
14000US06037206032,"Census Tract 2060.32, Los Angeles, CA",5687,602
14000US06037206050,"Census Tract 2060.50, Los Angeles, CA",2031,192
14000US06037206200,"Census Tract 2062, Los Angeles, CA",4001,400
14000US06037206300,"Census Tract 2063, Los Angeles, CA",6103,1131
14000US06037207101,"Census Tract 2071.01, Los Angeles, CA",3717,318
14000US06037207102,"Census Tract 2071.02, Los Angeles, CA",2926,310
14000US06037207103,"Census Tract 2071.03, Los Angeles, CA",2393,257
14000US06037207301,"Census Tract 2073.01, Los Angeles, CA",4911,363
14000US06037207302,"Census Tract 2073.02, Los Angeles, CA",4806,336
14000US06037207400,"Census Tract 2074, Los Angeles, CA",1539,400
14000US06037207501,"Census Tract 2075.01, Los Angeles, CA",2193,269
14000US06037207502,"Census Tract 2075.02, Los Angeles, CA",2888,208
14000US06037207710,"Census Tract 2077.10, Los Angeles, CA",4667,405
14000US06037207900,"Census Tract 2079, Los Angeles, CA",7162,734
14000US06037208000,"Census Tract 2080, Los Angeles, CA",7508,734
14000US06037208301,"Census Tract 2083.01, Los Angeles, CA",2148,178
14000US06037208302,"Census Tract 2083.02, Los Angeles, CA",5269,518
14000US06037208401,"Census Tract 2084.01, Los Angeles, CA",4765,384
14000US06037208402,"Census Tract 2084.02, Los Angeles, CA",2896,255
14000US06037208501,"Census Tract 2085.01, Los Angeles, CA",2267,199
14000US06037208502,"Census Tract 2085.02, Los Angeles, CA",4364,394
14000US06037208610,"Census Tract 2086.10, Los Angeles, CA",4351,438
14000US06037208620,"Census Tract 2086.20, Los Angeles, CA",4446,376
14000US06037208710,"Census Tract 2087.10, Los Angeles, CA",4858,371
14000US06037208720,"Census Tract 2087.20, Los Angeles, CA",4319,457
14000US06037208801,"Census Tract 2088.01, Los Angeles, CA",3027,409
14000US06037208802,"Census Tract 2088.02, Los Angeles, CA",3069,388
14000US06037208902,"Census Tract 2089.02, Los Angeles, CA",2692,240
14000US06037208903,"Census Tract 2089.03, Los Angeles, CA",4345,412
14000US06037208904,"Census Tract 2089.04, Los Angeles, CA",3978,504
14000US06037209102,"Census Tract 2091.02, Los Angeles, CA",5950,535
14000US06037209103,"Census Tract 2091.03, Los Angeles, CA",3679,331
14000US06037209104,"Census Tract 2091.04, Los Angeles, CA",2560,239
14000US06037209200,"Census Tract 2092, Los Angeles, CA",4545,427
14000US06037209300,"Census Tract 2093, Los Angeles, CA",4885,483
14000US06037209401,"Census Tract 2094.01, Los Angeles, CA",4472,542
14000US06037209402,"Census Tract 2094.02, Los Angeles, CA",3963,459
14000US06037209403,"Census Tract 2094.03, Los Angeles, CA",4148,533
14000US06037209510,"Census Tract 2095.10, Los Angeles, CA",3076,262
14000US06037209520,"Census Tract 2095.20, Los Angeles, CA",2797,303
14000US06037209810,"Census Tract 2098.10, Los Angeles, CA",2594,247
14000US06037209820,"Census Tract 2098.20, Los Angeles, CA",3073,312
14000US06037210010,"Census Tract 2100.10, Los Angeles, CA",3561,494
14000US06037211000,"Census Tract 2110, Los Angeles, CA",5124,558
14000US06037211120,"Census Tract 2111.20, Los Angeles, CA",5635,620
14000US06037211121,"Census Tract 2111.21, Los Angeles, CA",2253,293
14000US06037211122,"Census Tract 2111.22, Los Angeles, CA",3163,365
14000US06037211201,"Census Tract 2112.01, Los Angeles, CA",2562,269
14000US06037211202,"Census Tract 2112.02, Los Angeles, CA",2239,212
14000US06037211310,"Census Tract 2113.10, Los Angeles, CA",3873,431
14000US06037211320,"Census Tract 2113.20, Los Angeles, CA",3337,383
14000US06037211410,"Census Tract 2114.10, Los Angeles, CA",2736,318
14000US06037211420,"Census Tract 2114.20, Los Angeles, CA",3573,303
14000US06037211500,"Census Tract 2115, Los Angeles, CA",4175,373
14000US06037211701,"Census Tract 2117.01, Los Angeles, CA",2596,380
14000US06037211703,"Census Tract 2117.03, Los Angeles, CA",4841,410
14000US06037211704,"Census Tract 2117.04, Los Angeles, CA",2796,204
14000US06037211802,"Census Tract 2118.02, Los Angeles, CA",4682,453
14000US06037211803,"Census Tract 2118.03, Los Angeles, CA",3701,464
14000US06037211804,"Census Tract 2118.04, Los Angeles, CA",3221,336
14000US06037211910,"Census Tract 2119.10, Los Angeles, CA",4371,536
14000US06037211921,"Census Tract 2119.21, Los Angeles, CA",2521,300
14000US06037211922,"Census Tract 2119.22, Los Angeles, CA",3269,347
14000US06037212101,"Census Tract 2121.01, Los Angeles, CA",3187,334
14000US06037212102,"Census Tract 2121.02, Los Angeles, CA",2291,324
14000US06037212202,"Census Tract 2122.02, Los Angeles, CA",3424,358
14000US06037212203,"Census Tract 2122.03, Los Angeles, CA",2914,343
14000US06037212204,"Census Tract 2122.04, Los Angeles, CA",3584,311
14000US06037212303,"Census Tract 2123.03, Los Angeles, CA",3837,441
14000US06037212304,"Census Tract 2123.04, Los Angeles, CA",1832,195
14000US06037212305,"Census Tract 2123.05, Los Angeles, CA",3025,202
14000US06037212306,"Census Tract 2123.06, Los Angeles, CA",3413,406
14000US06037212410,"Census Tract 2124.10, Los Angeles, CA",4318,444
14000US06037212420,"Census Tract 2124.20, Los Angeles, CA",3517,345
14000US06037212501,"Census Tract 2125.01, Los Angeles, CA",1940,192
14000US06037212502,"Census Tract 2125.02, Los Angeles, CA",2810,301
14000US06037212610,"Census Tract 2126.10, Los Angeles, CA",4447,466
14000US06037212620,"Census Tract 2126.20, Los Angeles, CA",4087,384
14000US06037212701,"Census Tract 2127.01, Los Angeles, CA",2276,229
14000US06037212702,"Census Tract 2127.02, Los Angeles, CA",3632,335
14000US06037212800,"Census Tract 2128, Los Angeles, CA",3543,338
14000US06037212900,"Census Tract 2129, Los Angeles, CA",4067,345
14000US06037213100,"Census Tract 2131, Los Angeles, CA",3014,313
14000US06037213201,"Census Tract 2132.01, Los Angeles, CA",3932,427
14000US06037213202,"Census Tract 2132.02, Los Angeles, CA",3942,404
14000US06037213310,"Census Tract 2133.10, Los Angeles, CA",3015,465
14000US06037213320,"Census Tract 2133.20, Los Angeles, CA",2469,243
14000US06037213401,"Census Tract 2134.01, Los Angeles, CA",4859,375
14000US06037213402,"Census Tract 2134.02, Los Angeles, CA",4857,419
14000US06037214000,"Census Tract 2140, Los Angeles, CA",4277,531
14000US06037214100,"Census Tract 2141, Los Angeles, CA",3668,394
14000US06037214400,"Census Tract 2144, Los Angeles, CA",2916,227
14000US06037214501,"Census Tract 2145.01, Los Angeles, CA",2702,282
14000US06037214502,"Census Tract 2145.02, Los Angeles, CA",5285,666
14000US06037214503,"Census Tract 2145.03, Los Angeles, CA",3422,315
14000US06037214600,"Census Tract 2146, Los Angeles, CA",2383,216
14000US06037214700,"Census Tract 2147, Los Angeles, CA",2414,248
14000US06037214800,"Census Tract 2148, Los Angeles, CA",2813,315
14000US06037214901,"Census Tract 2149.01, Los Angeles, CA",3250,435
14000US06037214902,"Census Tract 2149.02, Los Angeles, CA",2550,288
14000US06037215101,"Census Tract 2151.01, Los Angeles, CA",3015,305
14000US06037215102,"Census Tract 2151.02, Los Angeles, CA",3059,329
14000US06037216100,"Census Tract 2161, Los Angeles, CA",2151,215
14000US06037216200,"Census Tract 2162, Los Angeles, CA",5778,667
14000US06037216300,"Census Tract 2163, Los Angeles, CA",4367,590
14000US06037216401,"Census Tract 2164.01, Los Angeles, CA",3772,629
14000US06037216402,"Census Tract 2164.02, Los Angeles, CA",2521,345
14000US06037216700,"Census Tract 2167, Los Angeles, CA",3835,329
14000US06037216800,"Census Tract 2168, Los Angeles, CA",3203,293
14000US06037216900,"Census Tract 2169, Los Angeles, CA",4886,343
14000US06037217001,"Census Tract 2170.01, Los Angeles, CA",2724,283
14000US06037217002,"Census Tract 2170.02, Los Angeles, CA",4639,571
14000US06037217100,"Census Tract 2171, Los Angeles, CA",6219,735
14000US06037217200,"Census Tract 2172, Los Angeles, CA",4156,345
14000US06037218110,"Census Tract 2181.10, Los Angeles, CA",3195,343
14000US06037218120,"Census Tract 2181.20, Los Angeles, CA",4638,524
14000US06037218210,"Census Tract 2182.10, Los Angeles, CA",3721,371
14000US06037218220,"Census Tract 2182.20, Los Angeles, CA",3859,393
14000US06037218300,"Census Tract 2183, Los Angeles, CA",5290,601
14000US06037218400,"Census Tract 2184, Los Angeles, CA",4737,452
14000US06037218500,"Census Tract 2185, Los Angeles, CA",2641,230
14000US06037218600,"Census Tract 2186, Los Angeles, CA",3148,475
14000US06037218701,"Census Tract 2187.01, Los Angeles, CA",2324,256
14000US06037218702,"Census Tract 2187.02, Los Angeles, CA",2056,250
14000US06037218800,"Census Tract 2188, Los Angeles, CA",2752,255
14000US06037218900,"Census Tract 2189, Los Angeles, CA",6149,557
14000US06037219010,"Census Tract 2190.10, Los Angeles, CA",3027,412
14000US06037219020,"Census Tract 2190.20, Los Angeles, CA",5411,477
14000US06037219300,"Census Tract 2193, Los Angeles, CA",4239,626
14000US06037219500,"Census Tract 2195, Los Angeles, CA",2084,275
14000US06037219700,"Census Tract 2197, Los Angeles, CA",4507,397
14000US06037219800,"Census Tract 2198, Los Angeles, CA",2861,268
14000US06037219901,"Census Tract 2199.01, Los Angeles, CA",4150,479
14000US06037219902,"Census Tract 2199.02, Los Angeles, CA",3809,415
14000US06037220000,"Census Tract 2200, Los Angeles, CA",4711,584
14000US06037220100,"Census Tract 2201, Los Angeles, CA",2415,381
14000US06037221110,"Census Tract 2211.10, Los Angeles, CA",3705,437
14000US06037221120,"Census Tract 2211.20, Los Angeles, CA",3197,283
14000US06037221210,"Census Tract 2212.10, Los Angeles, CA",3165,249
14000US06037221220,"Census Tract 2212.20, Los Angeles, CA",3376,318
14000US06037221302,"Census Tract 2213.02, Los Angeles, CA",4373,509
14000US06037221303,"Census Tract 2213.03, Los Angeles, CA",2806,298
14000US06037221304,"Census Tract 2213.04, Los Angeles, CA",3656,449
14000US06037221401,"Census Tract 2214.01, Los Angeles, CA",3628,443
14000US06037221402,"Census Tract 2214.02, Los Angeles, CA",2851,306
14000US06037221500,"Census Tract 2215, Los Angeles, CA",3875,384
14000US06037221601,"Census Tract 2216.01, Los Angeles, CA",3141,263
14000US06037221602,"Census Tract 2216.02, Los Angeles, CA",3030,260
14000US06037221710,"Census Tract 2217.10, Los Angeles, CA",2833,211
14000US06037221810,"Census Tract 2218.10, Los Angeles, CA",2892,312
14000US06037221820,"Census Tract 2218.20, Los Angeles, CA",2363,484
14000US06037221900,"Census Tract 2219, Los Angeles, CA",4248,529
14000US06037222001,"Census Tract 2220.01, Los Angeles, CA",3142,298
14000US06037222002,"Census Tract 2220.02, Los Angeles, CA",5243,690
14000US06037222100,"Census Tract 2221, Los Angeles, CA",4331,488
14000US06037222200,"Census Tract 2222, Los Angeles, CA",4016,513
14000US06037222500,"Census Tract 2225, Los Angeles, CA",5120,441
14000US06037222600,"Census Tract 2226, Los Angeles, CA",5549,575
14000US06037222700,"Census Tract 2227, Los Angeles, CA",4071,366
14000US06037224010,"Census Tract 2240.10, Los Angeles, CA",2845,301
14000US06037224020,"Census Tract 2240.20, Los Angeles, CA",2733,294
14000US06037224200,"Census Tract 2242, Los Angeles, CA",2557,284
14000US06037224310,"Census Tract 2243.10, Los Angeles, CA",2422,377
14000US06037224320,"Census Tract 2243.20, Los Angeles, CA",2972,344
14000US06037224410,"Census Tract 2244.10, Los Angeles, CA",3194,451
14000US06037224420,"Census Tract 2244.20, Los Angeles, CA",2637,249
14000US06037224600,"Census Tract 2246, Los Angeles, CA",3385,346
14000US06037224700,"Census Tract 2247, Los Angeles, CA",6238,429
14000US06037226001,"Census Tract 2260.01, Los Angeles, CA",2615,317
14000US06037226002,"Census Tract 2260.02, Los Angeles, CA",1820,223
14000US06037226410,"Census Tract 2264.10, Los Angeles, CA",3665,354
14000US06037226420,"Census Tract 2264.20, Los Angeles, CA",5531,560
14000US06037226700,"Census Tract 2267, Los Angeles, CA",7661,598
14000US06037227010,"Census Tract 2270.10, Los Angeles, CA",5705,716
14000US06037227020,"Census Tract 2270.20, Los Angeles, CA",3623,311
14000US06037228100,"Census Tract 2281, Los Angeles, CA",5505,651
14000US06037228210,"Census Tract 2282.10, Los Angeles, CA",4233,431
14000US06037228220,"Census Tract 2282.20, Los Angeles, CA",4375,397
14000US06037228310,"Census Tract 2283.10, Los Angeles, CA",4523,387
14000US06037228320,"Census Tract 2283.20, Los Angeles, CA",3122,278
14000US06037228410,"Census Tract 2284.10, Los Angeles, CA",3600,333
14000US06037228420,"Census Tract 2284.20, Los Angeles, CA",3304,356
14000US06037228500,"Census Tract 2285, Los Angeles, CA",4869,421
14000US06037228600,"Census Tract 2286, Los Angeles, CA",5301,423
14000US06037228710,"Census Tract 2287.10, Los Angeles, CA",3982,371
14000US06037228720,"Census Tract 2287.20, Los Angeles, CA",4825,285
14000US06037228800,"Census Tract 2288, Los Angeles, CA",5353,498
14000US06037228900,"Census Tract 2289, Los Angeles, CA",2918,307
14000US06037229100,"Census Tract 2291, Los Angeles, CA",5146,368
14000US06037229200,"Census Tract 2292, Los Angeles, CA",5072,571
14000US06037229300,"Census Tract 2293, Los Angeles, CA",5715,487
14000US06037229410,"Census Tract 2294.10, Los Angeles, CA",3697,379
14000US06037229420,"Census Tract 2294.20, Los Angeles, CA",4759,334
14000US06037231100,"Census Tract 2311, Los Angeles, CA",3474,497
14000US06037231210,"Census Tract 2312.10, Los Angeles, CA",4040,573
14000US06037231220,"Census Tract 2312.20, Los Angeles, CA",4653,600
14000US06037231300,"Census Tract 2313, Los Angeles, CA",5754,593
14000US06037231400,"Census Tract 2314, Los Angeles, CA",4745,461
14000US06037231500,"Census Tract 2315, Los Angeles, CA",5396,622
14000US06037231600,"Census Tract 2316, Los Angeles, CA",7420,544
14000US06037231710,"Census Tract 2317.10, Los Angeles, CA",4165,551
14000US06037231720,"Census Tract 2317.20, Los Angeles, CA",4934,496
14000US06037231800,"Census Tract 2318, Los Angeles, CA",5436,536
14000US06037231900,"Census Tract 2319, Los Angeles, CA",6162,642
14000US06037232110,"Census Tract 2321.10, Los Angeles, CA",3038,280
14000US06037232120,"Census Tract 2321.20, Los Angeles, CA",5567,699
14000US06037232200,"Census Tract 2322, Los Angeles, CA",3487,423
14000US06037232300,"Census Tract 2323, Los Angeles, CA",6006,1007
14000US06037232400,"Census Tract 2324, Los Angeles, CA",7361,668
14000US06037232500,"Census Tract 2325, Los Angeles, CA",4940,898
14000US06037232600,"Census Tract 2326, Los Angeles, CA",6833,611
14000US06037232700,"Census Tract 2327, Los Angeles, CA",6568,626
14000US06037232800,"Census Tract 2328, Los Angeles, CA",4489,422
14000US06037234000,"Census Tract 2340, Los Angeles, CA",5417,512
14000US06037234200,"Census Tract 2342, Los Angeles, CA",2424,216
14000US06037234300,"Census Tract 2343, Los Angeles, CA",3805,464
14000US06037234501,"Census Tract 2345.01, Los Angeles, CA",2845,335
14000US06037234502,"Census Tract 2345.02, Los Angeles, CA",3017,310
14000US06037234600,"Census Tract 2346, Los Angeles, CA",4908,513
14000US06037234700,"Census Tract 2347, Los Angeles, CA",3690,460
14000US06037234800,"Census Tract 2348, Los Angeles, CA",3317,307
14000US06037234901,"Census Tract 2349.01, Los Angeles, CA",3321,539
14000US06037234902,"Census Tract 2349.02, Los Angeles, CA",4088,531
14000US06037235100,"Census Tract 2351, Los Angeles, CA",4401,431
14000US06037235201,"Census Tract 2352.01, Los Angeles, CA",2682,285
14000US06037235202,"Census Tract 2352.02, Los Angeles, CA",4331,443
14000US06037236000,"Census Tract 2360, Los Angeles, CA",4181,344
14000US06037236100,"Census Tract 2361, Los Angeles, CA",6170,679
14000US06037236202,"Census Tract 2362.02, Los Angeles, CA",5764,649
14000US06037236203,"Census Tract 2362.03, Los Angeles, CA",3118,448
14000US06037236204,"Census Tract 2362.04, Los Angeles, CA",3109,456
14000US06037236400,"Census Tract 2364, Los Angeles, CA",4282,409
14000US06037237101,"Census Tract 2371.01, Los Angeles, CA",4409,420
14000US06037237102,"Census Tract 2371.02, Los Angeles, CA",3407,412
14000US06037237201,"Census Tract 2372.01, Los Angeles, CA",3814,326
14000US06037237202,"Census Tract 2372.02, Los Angeles, CA",4556,542
14000US06037237300,"Census Tract 2373, Los Angeles, CA",5311,712
14000US06037237401,"Census Tract 2374.01, Los Angeles, CA",4217,372
14000US06037237402,"Census Tract 2374.02, Los Angeles, CA",3335,357
14000US06037237500,"Census Tract 2375, Los Angeles, CA",2922,265
14000US06037237600,"Census Tract 2376, Los Angeles, CA",4101,416
14000US06037237710,"Census Tract 2377.10, Los Angeles, CA",4410,550
14000US06037237720,"Census Tract 2377.20, Los Angeles, CA",3707,431
14000US06037237800,"Census Tract 2378, Los Angeles, CA",3796,389
14000US06037237900,"Census Tract 2379, Los Angeles, CA",4405,452
14000US06037238000,"Census Tract 2380, Los Angeles, CA",6174,702
14000US06037238100,"Census Tract 2381, Los Angeles, CA",5163,856
14000US06037238200,"Census Tract 2382, Los Angeles, CA",5565,650
14000US06037238310,"Census Tract 2383.10, Los Angeles, CA",5002,455
14000US06037238320,"Census Tract 2383.20, Los Angeles, CA",3804,392
14000US06037238400,"Census Tract 2384, Los Angeles, CA",4694,458
14000US06037239201,"Census Tract 2392.01, Los Angeles, CA",3753,352
14000US06037239202,"Census Tract 2392.02, Los Angeles, CA",5999,737
14000US06037239310,"Census Tract 2393.10, Los Angeles, CA",4501,409
14000US06037239320,"Census Tract 2393.20, Los Angeles, CA",4086,412
14000US06037239330,"Census Tract 2393.30, Los Angeles, CA",2458,286
14000US06037239501,"Census Tract 2395.01, Los Angeles, CA",3729,299
14000US06037239502,"Census Tract 2395.02, Los Angeles, CA",4016,321
14000US06037239601,"Census Tract 2396.01, Los Angeles, CA",3682,351
14000US06037239602,"Census Tract 2396.02, Los Angeles, CA",4016,391
14000US06037239701,"Census Tract 2397.01, Los Angeles, CA",5134,565
14000US06037239702,"Census Tract 2397.02, Los Angeles, CA",4334,477
14000US06037239801,"Census Tract 2398.01, Los Angeles, CA",3705,411
14000US06037239802,"Census Tract 2398.02, Los Angeles, CA",5461,534
14000US06037240010,"Census Tract 2400.10, Los Angeles, CA",3737,383
14000US06037240020,"Census Tract 2400.20, Los Angeles, CA",5223,528
14000US06037240200,"Census Tract 2402, Los Angeles, CA",5159,571
14000US06037240300,"Census Tract 2403, Los Angeles, CA",5637,683
14000US06037240401,"Census Tract 2404.01, Los Angeles, CA",6379,647
14000US06037240402,"Census Tract 2404.02, Los Angeles, CA",3763,488
14000US06037240500,"Census Tract 2405, Los Angeles, CA",7326,723
14000US06037240600,"Census Tract 2406, Los Angeles, CA",6167,599
14000US06037240700,"Census Tract 2407, Los Angeles, CA",6596,518
14000US06037240800,"Census Tract 2408, Los Angeles, CA",4341,435
14000US06037240900,"Census Tract 2409, Los Angeles, CA",6736,648
14000US06037241001,"Census Tract 2410.01, Los Angeles, CA",4197,476
14000US06037241002,"Census Tract 2410.02, Los Angeles, CA",4144,364
14000US06037241110,"Census Tract 2411.10, Los Angeles, CA",3356,382
14000US06037241120,"Census Tract 2411.20, Los Angeles, CA",5146,602
14000US06037241201,"Census Tract 2412.01, Los Angeles, CA",3015,304
14000US06037241202,"Census Tract 2412.02, Los Angeles, CA",5776,571
14000US06037241300,"Census Tract 2413, Los Angeles, CA",2480,264
14000US06037241400,"Census Tract 2414, Los Angeles, CA",3785,333
14000US06037242000,"Census Tract 2420, Los Angeles, CA",4189,388
14000US06037242100,"Census Tract 2421, Los Angeles, CA",2852,229
14000US06037242200,"Census Tract 2422, Los Angeles, CA",6402,711
14000US06037242300,"Census Tract 2423, Los Angeles, CA",4952,535
14000US06037242600,"Census Tract 2426, Los Angeles, CA",4756,435
14000US06037242700,"Census Tract 2427, Los Angeles, CA",6035,529
14000US06037243000,"Census Tract 2430, Los Angeles, CA",6829,938
14000US06037243100,"Census Tract 2431, Los Angeles, CA",6772,585
14000US06037261101,"Census Tract 2611.01, Los Angeles, CA",3389,344
14000US06037261102,"Census Tract 2611.02, Los Angeles, CA",3520,374
14000US06037261200,"Census Tract 2612, Los Angeles, CA",4182,351
14000US06037262100,"Census Tract 2621, Los Angeles, CA",2678,272
14000US06037262200,"Census Tract 2622, Los Angeles, CA",4405,359
14000US06037262301,"Census Tract 2623.01, Los Angeles, CA",2748,220
14000US06037262302,"Census Tract 2623.02, Los Angeles, CA",2845,310
14000US06037262303,"Census Tract 2623.03, Los Angeles, CA",3038,324
14000US06037262400,"Census Tract 2624, Los Angeles, CA",3059,384
14000US06037262501,"Census Tract 2625.01, Los Angeles, CA",3785,294
14000US06037262601,"Census Tract 2626.01, Los Angeles, CA",3539,336
14000US06037262604,"Census Tract 2626.04, Los Angeles, CA",5523,499
14000US06037262704,"Census Tract 2627.04, Los Angeles, CA",3561,270
14000US06037262706,"Census Tract 2627.06, Los Angeles, CA",3571,238
14000US06037262802,"Census Tract 2628.02, Los Angeles, CA",3424,347
14000US06037264000,"Census Tract 2640, Los Angeles, CA",3069,302
14000US06037264102,"Census Tract 2641.02, Los Angeles, CA",2998,301
14000US06037264103,"Census Tract 2641.03, Los Angeles, CA",2658,247
14000US06037264301,"Census Tract 2643.01, Los Angeles, CA",5552,482
14000US06037264302,"Census Tract 2643.02, Los Angeles, CA",5882,512
14000US06037265100,"Census Tract 2651, Los Angeles, CA",2454,281
14000US06037265201,"Census Tract 2652.01, Los Angeles, CA",2567,336
14000US06037265202,"Census Tract 2652.02, Los Angeles, CA",3981,635
14000US06037265301,"Census Tract 2653.01, Los Angeles, CA",11977,486
14000US06037265303,"Census Tract 2653.03, Los Angeles, CA",5156,716
14000US06037265304,"Census Tract 2653.04, Los Angeles, CA",2878,405
14000US06037265305,"Census Tract 2653.05, Los Angeles, CA",3990,478
14000US06037265410,"Census Tract 2654.10, Los Angeles, CA",1495,175
14000US06037265420,"Census Tract 2654.20, Los Angeles, CA",1838,193
14000US06037265510,"Census Tract 2655.10, Los Angeles, CA",4663,573
14000US06037265520,"Census Tract 2655.20, Los Angeles, CA",5059,538
14000US06037265601,"Census Tract 2656.01, Los Angeles, CA",3615,343
14000US06037265602,"Census Tract 2656.02, Los Angeles, CA",3044,349
14000US06037265700,"Census Tract 2657, Los Angeles, CA",4636,376
14000US06037267100,"Census Tract 2671, Los Angeles, CA",6649,558
14000US06037267200,"Census Tract 2672, Los Angeles, CA",7004,555
14000US06037267300,"Census Tract 2673, Los Angeles, CA",4235,410
14000US06037267402,"Census Tract 2674.02, Los Angeles, CA",4872,444
14000US06037267403,"Census Tract 2674.03, Los Angeles, CA",3000,248
14000US06037267404,"Census Tract 2674.04, Los Angeles, CA",3475,409
14000US06037267501,"Census Tract 2675.01, Los Angeles, CA",5993,574
14000US06037267502,"Census Tract 2675.02, Los Angeles, CA",3632,272
14000US06037267600,"Census Tract 2676, Los Angeles, CA",2916,407
14000US06037267700,"Census Tract 2677, Los Angeles, CA",3276,269
14000US06037267800,"Census Tract 2678, Los Angeles, CA",2666,253
14000US06037267901,"Census Tract 2679.01, Los Angeles, CA",2428,244
14000US06037267902,"Census Tract 2679.02, Los Angeles, CA",3365,273
14000US06037269000,"Census Tract 2690, Los Angeles, CA",4813,632
14000US06037269100,"Census Tract 2691, Los Angeles, CA",4274,435
14000US06037269300,"Census Tract 2693, Los Angeles, CA",3840,332
14000US06037269500,"Census Tract 2695, Los Angeles, CA",3797,267
14000US06037269601,"Census Tract 2696.01, Los Angeles, CA",3393,342
14000US06037269602,"Census Tract 2696.02, Los Angeles, CA",2865,354
14000US06037269700,"Census Tract 2697, Los Angeles, CA",3546,359
14000US06037269800,"Census Tract 2698, Los Angeles, CA",3046,265
14000US06037269903,"Census Tract 2699.03, Los Angeles, CA",3421,316
14000US06037269904,"Census Tract 2699.04, Los Angeles, CA",3927,422
14000US06037269905,"Census Tract 2699.05, Los Angeles, CA",2459,231
14000US06037269906,"Census Tract 2699.06, Los Angeles, CA",3158,217
14000US06037269907,"Census Tract 2699.07, Los Angeles, CA",2692,250
14000US06037270100,"Census Tract 2701, Los Angeles, CA",4202,541
14000US06037270200,"Census Tract 2702, Los Angeles, CA",3226,402
14000US06037270300,"Census Tract 2703, Los Angeles, CA",2542,217
14000US06037271100,"Census Tract 2711, Los Angeles, CA",2445,211
14000US06037271200,"Census Tract 2712, Los Angeles, CA",2770,351
14000US06037271300,"Census Tract 2713, Los Angeles, CA",4395,365
14000US06037271400,"Census Tract 2714, Los Angeles, CA",3743,310
14000US06037271500,"Census Tract 2715, Los Angeles, CA",3187,201
14000US06037271600,"Census Tract 2716, Los Angeles, CA",4811,386
14000US06037271701,"Census Tract 2717.01, Los Angeles, CA",5694,594
14000US06037271702,"Census Tract 2717.02, Los Angeles, CA",3918,366
14000US06037271801,"Census Tract 2718.01, Los Angeles, CA",3071,298
14000US06037271802,"Census Tract 2718.02, Los Angeles, CA",5644,567
14000US06037271901,"Census Tract 2719.01, Los Angeles, CA",3245,264
14000US06037271902,"Census Tract 2719.02, Los Angeles, CA",4207,377
14000US06037272100,"Census Tract 2721, Los Angeles, CA",4578,422
14000US06037272201,"Census Tract 2722.01, Los Angeles, CA",2390,286
14000US06037272202,"Census Tract 2722.02, Los Angeles, CA",3359,328
14000US06037272301,"Census Tract 2723.01, Los Angeles, CA",3045,264
14000US06037272302,"Census Tract 2723.02, Los Angeles, CA",4457,476
14000US06037273100,"Census Tract 2731, Los Angeles, CA",2742,258
14000US06037273200,"Census Tract 2732, Los Angeles, CA",3229,307
14000US06037273300,"Census Tract 2733, Los Angeles, CA",2915,433
14000US06037273402,"Census Tract 2734.02, Los Angeles, CA",2641,392
14000US06037273502,"Census Tract 2735.02, Los Angeles, CA",2861,234
14000US06037273600,"Census Tract 2736, Los Angeles, CA",2375,226
14000US06037273700,"Census Tract 2737, Los Angeles, CA",2895,213
14000US06037273800,"Census Tract 2738, Los Angeles, CA",2872,241
14000US06037273902,"Census Tract 2739.02, Los Angeles, CA",4221,376
14000US06037274100,"Census Tract 2741, Los Angeles, CA",4838,446
14000US06037274202,"Census Tract 2742.02, Los Angeles, CA",4284,413
14000US06037275101,"Census Tract 2751.01, Los Angeles, CA",1161,109
14000US06037275102,"Census Tract 2751.02, Los Angeles, CA",4338,555
14000US06037275200,"Census Tract 2752, Los Angeles, CA",3751,478
14000US06037275302,"Census Tract 2753.02, Los Angeles, CA",5059,527
14000US06037275311,"Census Tract 2753.11, Los Angeles, CA",5462,540
14000US06037275400,"Census Tract 2754, Los Angeles, CA",4069,284
14000US06037275500,"Census Tract 2755, Los Angeles, CA",5449,493
14000US06037275602,"Census Tract 2756.02, Los Angeles, CA",12100,860
14000US06037275603,"Census Tract 2756.03, Los Angeles, CA",2537,199
14000US06037276000,"Census Tract 2760, Los Angeles, CA",5657,549
14000US06037276100,"Census Tract 2761, Los Angeles, CA",5739,709
14000US06037276400,"Census Tract 2764, Los Angeles, CA",4071,330
14000US06037276500,"Census Tract 2765, Los Angeles, CA",5674,357
14000US06037276601,"Census Tract 2766.01, Los Angeles, CA",4115,268
14000US06037276603,"Census Tract 2766.03, Los Angeles, CA",5489,449
14000US06037276604,"Census Tract 2766.04, Los Angeles, CA",4624,308
14000US06037277000,"Census Tract 2770, Los Angeles, CA",5566,384
14000US06037277100,"Census Tract 2771, Los Angeles, CA",3100,223
14000US06037277200,"Census Tract 2772, Los Angeles, CA",2196,236
14000US06037277400,"Census Tract 2774, Los Angeles, CA",909,206
14000US06037278001,"Census Tract 2780.01, Los Angeles, CA",2508,287
14000US06037278102,"Census Tract 2781.02, Los Angeles, CA",3088,221
14000US06037291110,"Census Tract 2911.10, Los Angeles, CA",4391,432
14000US06037291120,"Census Tract 2911.20, Los Angeles, CA",2407,248
14000US06037291130,"Census Tract 2911.30, Los Angeles, CA",3626,280
14000US06037291210,"Census Tract 2912.10, Los Angeles, CA",5768,443
14000US06037291220,"Census Tract 2912.20, Los Angeles, CA",3640,372
14000US06037291300,"Census Tract 2913, Los Angeles, CA",3037,150
14000US06037292000,"Census Tract 2920, Los Angeles, CA",6567,530
14000US06037293201,"Census Tract 2932.01, Los Angeles, CA",6289,694
14000US06037293202,"Census Tract 2932.02, Los Angeles, CA",6740,682
14000US06037293301,"Census Tract 2933.01, Los Angeles, CA",3108,296
14000US06037293302,"Census Tract 2933.02, Los Angeles, CA",5082,545
14000US06037293304,"Census Tract 2933.04, Los Angeles, CA",4832,435
14000US06037293306,"Census Tract 2933.06, Los Angeles, CA",2436,188
14000US06037293307,"Census Tract 2933.07, Los Angeles, CA",2284,258
14000US06037294110,"Census Tract 2941.10, Los Angeles, CA",4129,465
14000US06037294120,"Census Tract 2941.20, Los Angeles, CA",2687,290
14000US06037294200,"Census Tract 2942, Los Angeles, CA",4874,419
14000US06037294301,"Census Tract 2943.01, Los Angeles, CA",2471,125
14000US06037294302,"Census Tract 2943.02, Los Angeles, CA",4382,451
14000US06037294410,"Census Tract 2944.10, Los Angeles, CA",5079,361
14000US06037294421,"Census Tract 2944.21, Los Angeles, CA",2891,255
14000US06037294510,"Census Tract 2945.10, Los Angeles, CA",5082,587
14000US06037294520,"Census Tract 2945.20, Los Angeles, CA",3710,256
14000US06037294610,"Census Tract 2946.10, Los Angeles, CA",4334,492
14000US06037294620,"Census Tract 2946.20, Los Angeles, CA",4683,524
14000US06037294701,"Census Tract 2947.01, Los Angeles, CA",3099,261
14000US06037294810,"Census Tract 2948.10, Los Angeles, CA",4278,336
14000US06037294820,"Census Tract 2948.20, Los Angeles, CA",3473,291
14000US06037294830,"Census Tract 2948.30, Los Angeles, CA",4134,253
14000US06037294900,"Census Tract 2949, Los Angeles, CA",3853,326
14000US06037295103,"Census Tract 2951.03, Los Angeles, CA",5188,440
14000US06037296210,"Census Tract 2962.10, Los Angeles, CA",3132,344
14000US06037296220,"Census Tract 2962.20, Los Angeles, CA",4447,515
14000US06037296300,"Census Tract 2963, Los Angeles, CA",5027,281
14000US06037296401,"Census Tract 2964.01, Los Angeles, CA",3229,321
14000US06037296402,"Census Tract 2964.02, Los Angeles, CA",3312,296
14000US06037296500,"Census Tract 2965, Los Angeles, CA",3447,463
14000US06037296600,"Census Tract 2966, Los Angeles, CA",5358,611
14000US06037296901,"Census Tract 2969.01, Los Angeles, CA",4466,490
14000US06037296902,"Census Tract 2969.02, Los Angeles, CA",4219,431
14000US06037297000,"Census Tract 2970, Los Angeles, CA",5597,532
14000US06037297110,"Census Tract 2971.10, Los Angeles, CA",4649,472
14000US06037297120,"Census Tract 2971.20, Los Angeles, CA",3053,406
14000US06037297201,"Census Tract 2972.01, Los Angeles, CA",4505,492
14000US06037297202,"Census Tract 2972.02, Los Angeles, CA",3786,357
14000US06037297300,"Census Tract 2973, Los Angeles, CA",2193,312
14000US06037297400,"Census Tract 2974, Los Angeles, CA",3356,348
14000US06037297500,"Census Tract 2975, Los Angeles, CA",4707,440
14000US06037297601,"Census Tract 2976.01, Los Angeles, CA",2816,334
14000US06037297602,"Census Tract 2976.02, Los Angeles, CA",3687,341
14000US06037701100,"Census Tract 7011, Los Angeles, CA",1101,361
14000US06037930200,"Census Tract 9302, Los Angeles, CA",461,154
14000US06037980008,"Census Tract 9800.08, Los Angeles, CA",68,112
14000US06037980009,"Census Tract 9800.09, Los Angeles, CA",5,7
14000US06037980010,"Census Tract 9800.10, Los Angeles, CA",95,27
14000US06037980014,"Census Tract 9800.14, Los Angeles, CA",9,13
14000US06037980015,"Census Tract 9800.15, Los Angeles, CA",671,107
14000US06037980019,"Census Tract 9800.19, Los Angeles, CA",138,48
14000US06037980020,"Census Tract 9800.20, Los Angeles, CA",0,12
14000US06037980021,"Census Tract 9800.21, Los Angeles, CA",33,28
14000US06037980022,"Census Tract 9800.22, Los Angeles, CA",0,12
14000US06037980023,"Census Tract 9800.23, Los Angeles, CA",0,12
14000US06037980024,"Census Tract 9800.24, Los Angeles, CA",223,75
14000US06037980026,"Census Tract 9800.26, Los Angeles, CA",26,18
14000US06037980028,"Census Tract 9800.28, Los Angeles, CA",0,12
14000US06037980031,"Census Tract 9800.31, Los Angeles, CA",1175,178
14000US06037990200,"Census Tract 9902, Los Angeles, CA",0,12
16000US0644000,"Los Angeles, CA",3966936,82
